﻿<?xml version="1.0" encoding="utf-8"?>
<manifest identifier="_6n0ZjFvXbbg" version="1.0" xmlns="http://www.imsproject.org/xsd/imscp_rootv1p1p2" xmlns:adlcp="http://www.adlnet.org/xsd/adlcp_rootv1p2" xmlns:xsi="http://www.w3.org/2001/XMLSchema-instance" xsi:schemaLocation="http://www.imsproject.org/xsd/imscp_rootv1p1p2 imscp_rootv1p1p2.xsd http://www.imsglobal.org/xsd/imsmd_rootv1p2p1 imsmd_rootv1p2p1.xsd http://www.adlnet.org/xsd/adlcp_rootv1p2 adlcp_rootv1p2.xsd">
  <metadata>
    <schema>ADL SCORM</schema>
    <schemaversion>1.2</schemaversion>
    <lom xmlns="http://www.imsglobal.org/xsd/imsmd_rootv1p2p1" xmlns:xsi="http://www.w3.org/2001/XMLSchema-instance" xsi:schemaLocation="http://www.imsglobal.org/xsd/imsmd_rootv1p2p1 imsmd_rootv1p2p1.xsd">
      <general>
        <title>
          <langstring xml:lang="x-none">Parcours autonome</langstring>
        </title>
      </general>
      <lifecycle>
        <version>
          <langstring xml:lang="x-none">1</langstring>
        </version>
        <status>
          <source>
            <langstring xml:lang="x-none">LOMv1.0</langstring>
          </source>
          <value>
            <langstring xml:lang="x-none">Final</langstring>
          </value>
        </status>
      </lifecycle>
      <metametadata>
        <metadatascheme>ADL SCORM 1.2</metadatascheme>
      </metametadata>
      <educational>
        <typicallearningtime>
          <datetime>PT0H0M0S</datetime>
        </typicallearningtime>
      </educational>
      <rights>
        <cost>
          <source>
            <langstring xml:lang="x-none">LOMv1.0</langstring>
          </source>
          <value>
            <langstring xml:lang="x-none">yes</langstring>
          </value>
        </cost>
        <copyrightandotherrestrictions>
          <source>
            <langstring xml:lang="x-none">LOMv1.0</langstring>
          </source>
          <value>
            <langstring xml:lang="x-none">yes</langstring>
          </value>
        </copyrightandotherrestrictions>
      </rights>
    </lom>
  </metadata>
  <organizations default="Parcours_autonome_ORG">
    <organization identifier="Parcours_autonome_ORG">
      <title>Parcours autonome</title>
      <item identifier="V4_Menu_SCO" isvisible="true" identifierref="__6n0ZjFvXbbg_RES">
        <title>Parcours autonome</title>
      </item>
    </organization>
  </organizations>
  <resources>
    <resource identifier="__6n0ZjFvXbbg_RES" type="webcontent" href="index_lms.html" adlcp:scormtype="sco">
      <file href="story_content/thumbnail.jpg" />
      <file href="mobile/5Yd4cI4cY47_R3443F7.png" />
      <file href="mobile/5Yd4cI4cY47_R666773.png" />
      <file href="mobile/5Yd4cI4cY47_R2A36C6.png" />
      <file href="mobile/5Yd4cI4cY47_R5D69F9.png" />
      <file href="mobile/65DiqfzpJ0o_R3443F7.png" />
      <file href="mobile/65DiqfzpJ0o_R666773.png" />
      <file href="mobile/65DiqfzpJ0o_R2A36C6.png" />
      <file href="mobile/65DiqfzpJ0o_R5D69F9.png" />
      <file href="mobile/5V9CR0kUUKm_R3443F7.png" />
      <file href="mobile/5V9CR0kUUKm_R666773.png" />
      <file href="mobile/5V9CR0kUUKm_R2A36C6.png" />
      <file href="mobile/5V9CR0kUUKm_R5D69F9.png" />
      <file href="mobile/5hY7bLp2qux_R3443F7.png" />
      <file href="mobile/5hY7bLp2qux_R666773.png" />
      <file href="mobile/5hY7bLp2qux_R2A36C6.png" />
      <file href="mobile/5hY7bLp2qux_R5D69F9.png" />
      <file href="mobile/6OJOSShPSF7_RDAE1EA.png" />
      <file href="mobile/6OJOSShPSF7_RE94D58.png" />
      <file href="mobile/6OJOSShPSF7_R0EBE75.png" />
      <file href="mobile/610NsvdaEIj_R54576E.png" />
      <file href="mobile/6NokzWYKD3A_R3443F7.png" />
      <file href="mobile/6NokzWYKD3A_R666773.png" />
      <file href="mobile/6NokzWYKD3A_R2A36C6.png" />
      <file href="mobile/6NokzWYKD3A_R5D69F9.png" />
      <file href="mobile/6p1YVFjeVeG_R3443F7.png" />
      <file href="mobile/6p1YVFjeVeG_R666773.png" />
      <file href="mobile/6p1YVFjeVeG_R2A36C6.png" />
      <file href="mobile/6p1YVFjeVeG_R5D69F9.png" />
      <file href="story_content/video_6HUnSMI1Ham_48_580x326.hls/main.m3u8" />
      <file href="story_content/video_6HUnSMI1Ham_48_580x326.hls/stream_0.m3u8" />
      <file href="story_content/video_6HUnSMI1Ham_48_580x326.hls/stream_0data000000.ts" />
      <file href="story_content/video_6HUnSMI1Ham_48_580x326.hls/stream_0data000001.ts" />
      <file href="story_content/video_6HUnSMI1Ham_48_580x326.hls/stream_1.m3u8" />
      <file href="story_content/video_6HUnSMI1Ham_48_580x326.hls/stream_1data000000.ts" />
      <file href="story_content/video_6HUnSMI1Ham_48_580x326.hls/stream_1data000001.ts" />
      <file href="story_content/video_6HUnSMI1Ham_48_580x326.hls/stream_2.m3u8" />
      <file href="story_content/video_6HUnSMI1Ham_48_580x326.hls/stream_2data000000.ts" />
      <file href="story_content/video_6HUnSMI1Ham_48_580x326.hls/stream_2data000001.ts" />
      <file href="story_content/video_6HUnSMI1Ham_48_580x326.hls/stream_3.m3u8" />
      <file href="story_content/video_6HUnSMI1Ham_48_580x326.hls/stream_3data000000.ts" />
      <file href="story_content/video_6HUnSMI1Ham_48_580x326.hls/stream_3data000001.ts" />
      <file href="mobile/poster_5pTX8N7gCDH_main.jpg" />
      <file href="mobile/5zMxe6CCXD7.png" />
      <file href="story_content/WebObjects/6ZzYSzh4RgD/index.html" />
      <file href="story_content/WebObjects/6ZzYSzh4RgD/Readme.txt" />
      <file href="story_content/WebObjects/6ZzYSzh4RgD/DIST/plyr-slow.svg" />
      <file href="story_content/WebObjects/6ZzYSzh4RgD/DIST/plyr.css" />
      <file href="story_content/WebObjects/6ZzYSzh4RgD/DIST/plyr.min.js" />
      <file href="story_content/WebObjects/6ZzYSzh4RgD/DIST/plyr.polyfilled.min.js" />
      <file href="story_content/WebObjects/6ZzYSzh4RgD/DIST/plyr.svg" />
      <file href="mobile/6ZzYSzh4RgD5xS5DNzzKXx{Width=580, Height=188,5}Light.png" />
      <file href="story_content/WebObjects/6aVV08ncyZh/index.html" />
      <file href="story_content/WebObjects/6aVV08ncyZh/Readme.txt" />
      <file href="story_content/WebObjects/6aVV08ncyZh/DIST/plyr-slow.svg" />
      <file href="story_content/WebObjects/6aVV08ncyZh/DIST/plyr.css" />
      <file href="story_content/WebObjects/6aVV08ncyZh/DIST/plyr.min.js" />
      <file href="story_content/WebObjects/6aVV08ncyZh/DIST/plyr.polyfilled.min.js" />
      <file href="story_content/WebObjects/6aVV08ncyZh/DIST/plyr.svg" />
      <file href="mobile/6aVV08ncyZh6Qp9uoWeGKX{Width=600, Height=188,5}Light.png" />
      <file href="mobile/5VXysoQaH3p_R54576E.png" />
      <file href="mobile/6Ffgs7MPs3W_R54576E.png" />
      <file href="story_content/WebObjects/61akCgEPnE5/index.html" />
      <file href="story_content/WebObjects/61akCgEPnE5/Readme.txt" />
      <file href="story_content/WebObjects/61akCgEPnE5/DIST/plyr-slow.svg" />
      <file href="story_content/WebObjects/61akCgEPnE5/DIST/plyr.css" />
      <file href="story_content/WebObjects/61akCgEPnE5/DIST/plyr.min.js" />
      <file href="story_content/WebObjects/61akCgEPnE5/DIST/plyr.polyfilled.min.js" />
      <file href="story_content/WebObjects/61akCgEPnE5/DIST/plyr.svg" />
      <file href="mobile/61akCgEPnE55nJV24kEH3q{Width=349, Height=60}Light.png" />
      <file href="story_content/WebObjects/5uMOH8YI9rA/index.html" />
      <file href="story_content/WebObjects/5uMOH8YI9rA/Readme.txt" />
      <file href="story_content/WebObjects/5uMOH8YI9rA/DIST/plyr-slow.svg" />
      <file href="story_content/WebObjects/5uMOH8YI9rA/DIST/plyr.css" />
      <file href="story_content/WebObjects/5uMOH8YI9rA/DIST/plyr.min.js" />
      <file href="story_content/WebObjects/5uMOH8YI9rA/DIST/plyr.polyfilled.min.js" />
      <file href="story_content/WebObjects/5uMOH8YI9rA/DIST/plyr.svg" />
      <file href="mobile/5uMOH8YI9rA6ABkeRnK8NU{Width=349, Height=60}Light.png" />
      <file href="story_content/WebObjects/6ACY4Sk2XKV/index.html" />
      <file href="story_content/WebObjects/6ACY4Sk2XKV/Readme.txt" />
      <file href="story_content/WebObjects/6ACY4Sk2XKV/DIST/plyr-slow.svg" />
      <file href="story_content/WebObjects/6ACY4Sk2XKV/DIST/plyr.css" />
      <file href="story_content/WebObjects/6ACY4Sk2XKV/DIST/plyr.min.js" />
      <file href="story_content/WebObjects/6ACY4Sk2XKV/DIST/plyr.polyfilled.min.js" />
      <file href="story_content/WebObjects/6ACY4Sk2XKV/DIST/plyr.svg" />
      <file href="mobile/6ACY4Sk2XKV5iten1RTwBI{Width=349, Height=60}Light.png" />
      <file href="story_content/WebObjects/5gIqIxAeVcV/index.html" />
      <file href="story_content/WebObjects/5gIqIxAeVcV/Readme.txt" />
      <file href="story_content/WebObjects/5gIqIxAeVcV/DIST/plyr-slow.svg" />
      <file href="story_content/WebObjects/5gIqIxAeVcV/DIST/plyr.css" />
      <file href="story_content/WebObjects/5gIqIxAeVcV/DIST/plyr.min.js" />
      <file href="story_content/WebObjects/5gIqIxAeVcV/DIST/plyr.polyfilled.min.js" />
      <file href="story_content/WebObjects/5gIqIxAeVcV/DIST/plyr.svg" />
      <file href="mobile/5gIqIxAeVcV5siZm1wUhDl{Width=349, Height=60}Light.png" />
      <file href="story_content/WebObjects/5fiMlo5Cvvk/index.html" />
      <file href="story_content/WebObjects/5fiMlo5Cvvk/Readme.txt" />
      <file href="story_content/WebObjects/5fiMlo5Cvvk/DIST/plyr-slow.svg" />
      <file href="story_content/WebObjects/5fiMlo5Cvvk/DIST/plyr.css" />
      <file href="story_content/WebObjects/5fiMlo5Cvvk/DIST/plyr.min.js" />
      <file href="story_content/WebObjects/5fiMlo5Cvvk/DIST/plyr.polyfilled.min.js" />
      <file href="story_content/WebObjects/5fiMlo5Cvvk/DIST/plyr.svg" />
      <file href="mobile/5fiMlo5Cvvk6P6Gquk2JN7{Width=349, Height=60}Light.png" />
      <file href="story_content/WebObjects/5nZOXy41rLy/index.html" />
      <file href="story_content/WebObjects/5nZOXy41rLy/Readme.txt" />
      <file href="story_content/WebObjects/5nZOXy41rLy/DIST/plyr-slow.svg" />
      <file href="story_content/WebObjects/5nZOXy41rLy/DIST/plyr.css" />
      <file href="story_content/WebObjects/5nZOXy41rLy/DIST/plyr.min.js" />
      <file href="story_content/WebObjects/5nZOXy41rLy/DIST/plyr.polyfilled.min.js" />
      <file href="story_content/WebObjects/5nZOXy41rLy/DIST/plyr.svg" />
      <file href="mobile/5nZOXy41rLy5s9s6R2Ne6G{Width=349, Height=60}Light.png" />
      <file href="story_content/WebObjects/6MT7kDpfYVE/index.html" />
      <file href="story_content/WebObjects/6MT7kDpfYVE/Readme.txt" />
      <file href="story_content/WebObjects/6MT7kDpfYVE/DIST/plyr-slow.svg" />
      <file href="story_content/WebObjects/6MT7kDpfYVE/DIST/plyr.css" />
      <file href="story_content/WebObjects/6MT7kDpfYVE/DIST/plyr.min.js" />
      <file href="story_content/WebObjects/6MT7kDpfYVE/DIST/plyr.polyfilled.min.js" />
      <file href="story_content/WebObjects/6MT7kDpfYVE/DIST/plyr.svg" />
      <file href="mobile/6MT7kDpfYVE61DZ7J7oss3{Width=349, Height=60}Light.png" />
      <file href="story_content/WebObjects/6bJUNCeaDdA/index.html" />
      <file href="story_content/WebObjects/6bJUNCeaDdA/Readme.txt" />
      <file href="story_content/WebObjects/6bJUNCeaDdA/DIST/plyr-slow.svg" />
      <file href="story_content/WebObjects/6bJUNCeaDdA/DIST/plyr.css" />
      <file href="story_content/WebObjects/6bJUNCeaDdA/DIST/plyr.min.js" />
      <file href="story_content/WebObjects/6bJUNCeaDdA/DIST/plyr.polyfilled.min.js" />
      <file href="story_content/WebObjects/6bJUNCeaDdA/DIST/plyr.svg" />
      <file href="mobile/6bJUNCeaDdA5bc346fuoWZ{Width=349, Height=60}Light.png" />
      <file href="story_content/WebObjects/5h0wd8RvUnL/index.html" />
      <file href="story_content/WebObjects/5h0wd8RvUnL/Readme.txt" />
      <file href="story_content/WebObjects/5h0wd8RvUnL/DIST/plyr-slow.svg" />
      <file href="story_content/WebObjects/5h0wd8RvUnL/DIST/plyr.css" />
      <file href="story_content/WebObjects/5h0wd8RvUnL/DIST/plyr.min.js" />
      <file href="story_content/WebObjects/5h0wd8RvUnL/DIST/plyr.polyfilled.min.js" />
      <file href="story_content/WebObjects/5h0wd8RvUnL/DIST/plyr.svg" />
      <file href="mobile/5h0wd8RvUnL686tsx8ebCa{Width=656,3616, Height=188,5}Light.png" />
      <file href="story_content/WebObjects/5utVB8v7J5Q/index.html" />
      <file href="story_content/WebObjects/5utVB8v7J5Q/Readme.txt" />
      <file href="story_content/WebObjects/5utVB8v7J5Q/DIST/plyr-slow.svg" />
      <file href="story_content/WebObjects/5utVB8v7J5Q/DIST/plyr.css" />
      <file href="story_content/WebObjects/5utVB8v7J5Q/DIST/plyr.min.js" />
      <file href="story_content/WebObjects/5utVB8v7J5Q/DIST/plyr.polyfilled.min.js" />
      <file href="story_content/WebObjects/5utVB8v7J5Q/DIST/plyr.svg" />
      <file href="mobile/5utVB8v7J5Q6owrfCbNO53{Width=656,3616, Height=188,5}Light.png" />
      <file href="story_content/WebObjects/62NLot8mKyZ/index.html" />
      <file href="story_content/WebObjects/62NLot8mKyZ/Readme.txt" />
      <file href="story_content/WebObjects/62NLot8mKyZ/DIST/plyr-slow.svg" />
      <file href="story_content/WebObjects/62NLot8mKyZ/DIST/plyr.css" />
      <file href="story_content/WebObjects/62NLot8mKyZ/DIST/plyr.min.js" />
      <file href="story_content/WebObjects/62NLot8mKyZ/DIST/plyr.polyfilled.min.js" />
      <file href="story_content/WebObjects/62NLot8mKyZ/DIST/plyr.svg" />
      <file href="mobile/62NLot8mKyZ6qdDQ0R3QJn{Width=580, Height=188,5}Light.png" />
      <file href="story_content/WebObjects/6fK8jHnBz0V/index.html" />
      <file href="story_content/WebObjects/6fK8jHnBz0V/Readme.txt" />
      <file href="story_content/WebObjects/6fK8jHnBz0V/DIST/plyr-slow.svg" />
      <file href="story_content/WebObjects/6fK8jHnBz0V/DIST/plyr.css" />
      <file href="story_content/WebObjects/6fK8jHnBz0V/DIST/plyr.min.js" />
      <file href="story_content/WebObjects/6fK8jHnBz0V/DIST/plyr.polyfilled.min.js" />
      <file href="story_content/WebObjects/6fK8jHnBz0V/DIST/plyr.svg" />
      <file href="mobile/6fK8jHnBz0V66YYZGekiFx{Width=580, Height=188,5}Light.png" />
      <file href="mobile/65Xx5UCA0UC_RFFFFFF.png" />
      <file href="mobile/6rTNZB5bAjE_R0918D8.png" />
      <file href="story_content/WebObjects/68r6I8hqgmN/index.html" />
      <file href="mobile/68r6I8hqgmN64HrtmhuCUS{Width=579,875, Height=188,5}Light.png" />
      <file href="story_content/WebObjects/602SAWRFvh5/index.html" />
      <file href="mobile/602SAWRFvh55rCgiIEIe00{Width=579,875, Height=188,5}Light.png" />
      <file href="mobile/6c50dz1sWDw.png" />
      <file href="mobile/6qVQoQ8Kfcv.png" />
      <file href="mobile/6S5CP3oPqWH.png" />
      <file href="mobile/6cH2QyO4MHC.png" />
      <file href="mobile/6NAITZBHRb0_RFFFFFF.png" />
      <file href="mobile/6eDgFptO5CR_R3443F7.png" />
      <file href="mobile/5k3S7tf1xGz_P_0_0_695_802.jpg" />
      <file href="story_content/WebObjects/68bK79H0kcw/index.html" />
      <file href="story_content/WebObjects/68bK79H0kcw/Readme.txt" />
      <file href="story_content/WebObjects/68bK79H0kcw/DIST/plyr-slow.svg" />
      <file href="story_content/WebObjects/68bK79H0kcw/DIST/plyr.css" />
      <file href="story_content/WebObjects/68bK79H0kcw/DIST/plyr.min.js" />
      <file href="story_content/WebObjects/68bK79H0kcw/DIST/plyr.polyfilled.min.js" />
      <file href="story_content/WebObjects/68bK79H0kcw/DIST/plyr.svg" />
      <file href="mobile/68bK79H0kcw6Ai1PzkEI6P{Width=327,8107, Height=56,96994}Light.png" />
      <file href="mobile/6p1YVFjeVeG.png" />
      <file href="mobile/5bkEbV55pos.jpg" />
      <file href="mobile/5dDcFEzwYze_P_0_0_1526_1366.jpg" />
      <file href="mobile/6AA9rcL0RBg_X_P_405_0_1642_1365.jpg" />
      <file href="mobile/5o2c9hjDTd5_P_0_0_1708_1367.jpg" />
      <file href="mobile/6WTSui0IEfN_X_P_169_0_1878_1365.jpg" />
      <file href="mobile/66zxVTJPjal.jpg" />
      <file href="mobile/6ILZoZ4ft9B.jpg" />
      <file href="mobile/6eDgFptO5CR_R666773.png" />
      <file href="mobile/6eDgFptO5CR_R2A36C6.png" />
      <file href="mobile/6eDgFptO5CR_R5D68F8.png" />
      <file href="mobile/5dDcFEzwYze_P_227_0_1363_1366.jpg" />
      <file href="mobile/5dDcFEzwYze_RG_P_227_0_1363_1366.jpg" />
      <file href="mobile/6ZaSN0nlx6s_R0A311B.png" />
      <file href="mobile/6ZaSN0nlx6s_R141517.png" />
      <file href="mobile/6AA9rcL0RBg_P_340_0_1366_1365.jpg" />
      <file href="mobile/6AA9rcL0RBg_RG_P_340_0_1366_1365.jpg" />
      <file href="mobile/6ZaSN0nlx6s_R312E0A.png" />
      <file href="mobile/5o2c9hjDTd5_P_339_0_1368_1367.jpg" />
      <file href="mobile/5o2c9hjDTd5_B8_C-4_RG_P_339_0_1368_1367.jpg" />
      <file href="mobile/6ZaSN0nlx6s_R310A21.png" />
      <file href="mobile/6WTSui0IEfN_X_P_0_0_1366_1365.jpg" />
      <file href="mobile/6ZaSN0nlx6s_R0A0E31.png" />
      <file href="mobile/5xidcT886HK_RF2F2F2.png" />
      <file href="mobile/6bHUWw5dUQ1_RE94D58.png" />
      <file href="mobile/6hkPZzN5qqk_RF88800.png" />
      <file href="mobile/5xidcT886HK_R0EBE75.png" />
      <file href="mobile/6OJOSShPSF7_RF78800.png" />
      <file href="mobile/6OJOSShPSF7_RE84D58.png" />
      <file href="mobile/6Xjs9YdKoHy.png" />
      <file href="mobile/6O7zWrkOf4E_RFFFFFF.png" />
      <file href="mobile/6LbQKRwQ22R.png" />
      <file href="mobile/6LbQKRwQ22R_Y.png" />
      <file href="mobile/6ay0TDH94Of.png" />
      <file href="mobile/6rTNZB5bAjE.png" />
      <file href="mobile/6NAITZBHRb0_R3443F7.png" />
      <file href="mobile/5iScIcCJLKz_X.png" />
      <file href="mobile/6LbQKRwQ22R_R3443F7.png" />
      <file href="mobile/6LbQKRwQ22R_Y_R3443F7.png" />
      <file href="mobile/6ay0TDH94Of_R3443F7.png" />
      <file href="mobile/65DiqfzpJ0o_X_RFFFFFF.png" />
      <file href="mobile/5f3DMI18cJ4.png" />
      <file href="mobile/6bpA5OHf0SE_Y.png" />
      <file href="mobile/6bpA5OHf0SE.png" />
      <file href="meta.xml" />
      <file href="story_content/triggers.js" />
      <file href="story_content/user.js" />
      <file href="story_content/external_files/microsoft.cognitiveservices.speech.sdk.bundle-min.js" />
      <file href="mobile/Shape63h1aF6L1jA.png" />
      <file href="mobile/Shape6mHKp4dCQsq.png" />
      <file href="mobile/Shape642JpztDMWz.png" />
      <file href="mobile/Shape5ntH1siHHyE.png" />
      <file href="mobile/Shape6nbvK3SCa1S.png" />
      <file href="mobile/Shape6oPclunoyLm.png" />
      <file href="mobile/Shape6ABkMU9AHKl.png" />
      <file href="mobile/Shape5mrmg4WFsGx.png" />
      <file href="mobile/Shape5puSsmxEWCo.png" />
      <file href="mobile/Shape6dqnNZXdA7Z.png" />
      <file href="mobile/Shape5iQigltUZuq.png" />
      <file href="mobile/txt__default_60JF9iCdyx2.png" />
      <file href="mobile/txt__default_5WKy3cAheHU.png" />
      <file href="mobile/txt__default_5kxED9RYpip.png" />
      <file href="mobile/txt__default_5uWy18dtDiW.png" />
      <file href="mobile/txt__default_6W6AHvb3UhS.png" />
      <file href="mobile/txt__default_5q85tDrp6jC.png" />
      <file href="mobile/txt__default_62rkh05OVmS.png" />
      <file href="mobile/txt__default_62p172Dul3S.png" />
      <file href="mobile/txt__default_5UiXrAHpYxV.png" />
      <file href="mobile/txt__default_5c1o09JgyG7.png" />
      <file href="mobile/txt__default_6SV9heHy1p9.png" />
      <file href="mobile/txt__default_5sBFzL2BJSX.png" />
      <file href="html5/data/css/output.min.css" />
      <file href="html5/data/js/5bfQFBkJTdi.js" />
      <file href="html5/data/js/5bhOV2xB1mk.js" />
      <file href="html5/data/js/5bSIfBnrJnk.js" />
      <file href="html5/data/js/5fi4m60zWXM.js" />
      <file href="html5/data/js/5gGrOdFEu15.js" />
      <file href="html5/data/js/5hShEQUW3F2.js" />
      <file href="html5/data/js/5ijvZpED8h8.js" />
      <file href="html5/data/js/5iKd0Sl68Li.js" />
      <file href="html5/data/js/5j9uWG8Wtqa.js" />
      <file href="html5/data/js/5qVTt06WBPM.js" />
      <file href="html5/data/js/5vgTzR4ruHf.js" />
      <file href="html5/data/js/5VT1I8U1Etc.js" />
      <file href="html5/data/js/5WGsbt1Rnhu.js" />
      <file href="html5/data/js/617fpLx6Wte.js" />
      <file href="html5/data/js/61JKr0dmOUC.js" />
      <file href="html5/data/js/621vxd8yXdx.js" />
      <file href="html5/data/js/6Ase7QmsV3Z.js" />
      <file href="html5/data/js/6AySjNwkLBQ.js" />
      <file href="html5/data/js/6byYGsQhE9p.js" />
      <file href="html5/data/js/6dvIVGoHNZo.js" />
      <file href="html5/data/js/6gtkcboW36S.js" />
      <file href="html5/data/js/6GwTXsVttoU.js" />
      <file href="html5/data/js/6pgpflgdAAr.js" />
      <file href="html5/data/js/6QeFYaMHW7r.js" />
      <file href="html5/data/js/6rFcUofwojn.js" />
      <file href="html5/data/js/6SxNtfrE7Os.js" />
      <file href="html5/data/js/6Td7ajT4Y70.js" />
      <file href="html5/data/js/6TGi02ATwWn.js" />
      <file href="html5/data/js/data.js" />
      <file href="html5/data/js/frame.js" />
      <file href="html5/data/js/paths.js" />
      <file href="html5/lib/hls/hls.min.js" />
      <file href="html5/lib/scripts/bootstrapper.min.js" />
      <file href="html5/lib/scripts/frame.desktop.min.js" />
      <file href="html5/lib/scripts/frame.mobile.min.js" />
      <file href="html5/lib/scripts/slides.min.js" />
      <file href="html5/lib/stylesheets/desktop.min.css" />
      <file href="html5/lib/stylesheets/mobile.min.css" />
      <file href="html5/lib/stylesheets/mobile-fonts/open-sans-bold.woff" />
      <file href="html5/lib/stylesheets/mobile-fonts/open-sans-light.woff" />
      <file href="html5/lib/stylesheets/mobile-fonts/open-sans-regular.woff" />
      <file href="analytics-frame.html" />
      <file href="story.html" />
      <file href="index_lms.html" />
      <file href="lms/AICCComm.html" />
      <file href="lms/blank.html" />
      <file href="lms/browsersniff.js" />
      <file href="lms/goodbye.html" />
      <file href="lms/scormdriver.js" />
    </resource>
  </resources>
</manifest>